"route","requestedUrl","finalUrl","status","attempts","contentType","cacheControl","bytes","title","canonical","mb01Occurrences","uniqueMb01Urls","firstMb01Url","imageCount","missingImageAlt","result"
"/","https://kkofor.github.io/vanstro-frontend/","https://kkofor.github.io/vanstro-frontend/","200","1","text/html; charset=utf-8","max-age=600","98657","VanStro Global Supply","https://vanstro.ca/","0","0","","23","0","Pass"
"/__g10-not-found__/","https://kkofor.github.io/vanstro-frontend/__g10-not-found__/","https://kkofor.github.io/vanstro-frontend/__g10-not-found__/","404","1","text/html; charset=utf-8","","42218","404: This page could not be found.","https://vanstro.ca/","0","0","","3","0","Pass: expected 404"
"/_not-found/","https://kkofor.github.io/vanstro-frontend/_not-found/","https://kkofor.github.io/vanstro-frontend/_not-found/","200","1","text/html; charset=utf-8","max-age=600","42218","404: This page could not be found.","https://vanstro.ca/","0","0","","3","0","Pass"
"/404/","https://kkofor.github.io/vanstro-frontend/404/","https://kkofor.github.io/vanstro-frontend/404/","200","1","text/html; charset=utf-8","max-age=600","42218","404: This page could not be found.","https://vanstro.ca/","0","0","","3","0","Pass"
"/about/","https://kkofor.github.io/vanstro-frontend/about/","https://kkofor.github.io/vanstro-frontend/about/","200","1","text/html; charset=utf-8","max-age=600","55593","About VanStro | VanStro Global Supply","https://vanstro.ca/about/","0","0","","4","0","Pass"
"/account/login/","https://kkofor.github.io/vanstro-frontend/account/login/","https://kkofor.github.io/vanstro-frontend/account/login/","200","1","text/html; charset=utf-8","max-age=600","41862","Sign in | VanStro Global Supply","https://vanstro.ca/","0","0","","3","0","Pass"
"/account/register/","https://kkofor.github.io/vanstro-frontend/account/register/","https://kkofor.github.io/vanstro-frontend/account/register/","200","1","text/html; charset=utf-8","max-age=600","42251","Create account | VanStro Global Supply","https://vanstro.ca/","0","0","","3","0","Pass"
"/articles/","https://kkofor.github.io/vanstro-frontend/articles/","https://kkofor.github.io/vanstro-frontend/articles/","200","1","text/html; charset=utf-8","max-age=600","45731","Buying guide | VanStro Global Supply","https://vanstro.ca/","0","0","","6","0","Pass"
"/articles/how-to-measure-for-cabinets/","https://kkofor.github.io/vanstro-frontend/articles/how-to-measure-for-cabinets/","https://kkofor.github.io/vanstro-frontend/articles/how-to-measure-for-cabinets/","200","1","text/html; charset=utf-8","max-age=600","42870","How do I measure for cabinets? | VanStro Global Supply","https://vanstro.ca/articles/how-to-measure-for-cabinets/","0","0","","4","0","Pass"
"/articles/pickup-and-delivery-options/","https://kkofor.github.io/vanstro-frontend/articles/pickup-and-delivery-options/","https://kkofor.github.io/vanstro-frontend/articles/pickup-and-delivery-options/","200","1","text/html; charset=utf-8","max-age=600","42886","Nationwide delivery and dealer pickup | VanStro Global Supply","https://vanstro.ca/articles/pickup-and-delivery-options/","0","0","","4","0","Pass"
"/articles/what-finishes-are-available/","https://kkofor.github.io/vanstro-frontend/articles/what-finishes-are-available/","https://kkofor.github.io/vanstro-frontend/articles/what-finishes-are-available/","200","1","text/html; charset=utf-8","max-age=600","42918","White cabinet and primed trim finishes | VanStro Global Supply","https://vanstro.ca/articles/what-finishes-are-available/","0","0","","4","0","Pass"
"/careers/","https://kkofor.github.io/vanstro-frontend/careers/","https://kkofor.github.io/vanstro-frontend/careers/","200","1","text/html; charset=utf-8","max-age=600","61581","Careers | VanStro Global Supply","https://vanstro.ca/","0","0","","4","0","Pass"
"/cart/","https://kkofor.github.io/vanstro-frontend/cart/","https://kkofor.github.io/vanstro-frontend/cart/","200","1","text/html; charset=utf-8","max-age=600","41190","Cart | VanStro Global Supply","https://vanstro.ca/","0","0","","3","0","Pass"
"/checkout/","https://kkofor.github.io/vanstro-frontend/checkout/","https://kkofor.github.io/vanstro-frontend/checkout/","200","1","text/html; charset=utf-8","max-age=600","41180","Checkout | VanStro Global Supply","https://vanstro.ca/","0","0","","3","0","Pass"
"/contact/","https://kkofor.github.io/vanstro-frontend/contact/","https://kkofor.github.io/vanstro-frontend/contact/","200","1","text/html; charset=utf-8","max-age=600","66903","Contact us | VanStro Global Supply","https://vanstro.ca/contact/","0","0","","4","0","Pass"
"/cookie-settings/","https://kkofor.github.io/vanstro-frontend/cookie-settings/","https://kkofor.github.io/vanstro-frontend/cookie-settings/","200","1","text/html; charset=utf-8","max-age=600","76862","Cookie Preferences | VanStro Global Supply","https://vanstro.ca/","0","0","","4","0","Pass"
"/dashboard/","https://kkofor.github.io/vanstro-frontend/dashboard/","https://kkofor.github.io/vanstro-frontend/dashboard/","200","1","text/html; charset=utf-8","max-age=600","40965","Dashboard | VanStro Global Supply","https://vanstro.ca/","0","0","","3","0","Pass"
"/dealer-program/","https://kkofor.github.io/vanstro-frontend/dealer-program/","https://kkofor.github.io/vanstro-frontend/dealer-program/","200","1","text/html; charset=utf-8","max-age=600","63183","Dealer program | VanStro Global Supply","https://vanstro.ca/dealer-program/","0","0","","4","0","Pass"
"/dealer-services-and-responsibility/","https://kkofor.github.io/vanstro-frontend/dealer-services-and-responsibility/","https://kkofor.github.io/vanstro-frontend/dealer-services-and-responsibility/","200","1","text/html; charset=utf-8","max-age=600","85355","Dealer Services &amp; Platform Responsibility Boundary Policy | VanStro Global Supply","https://vanstro.ca/","0","0","","4","0","Pass"
"/dealers/apply/","https://kkofor.github.io/vanstro-frontend/dealers/apply/","https://kkofor.github.io/vanstro-frontend/dealers/apply/","200","1","text/html; charset=utf-8","max-age=600","64717","Dealer application | VanStro Global Supply","https://vanstro.ca/dealers/apply/","0","0","","4","0","Pass"
"/favorites/","https://kkofor.github.io/vanstro-frontend/favorites/","https://kkofor.github.io/vanstro-frontend/favorites/","200","1","text/html; charset=utf-8","max-age=600","41130","Favorites | VanStro Global Supply","https://vanstro.ca/","0","0","","3","0","Pass"
"/legal-disclaimer/","https://kkofor.github.io/vanstro-frontend/legal-disclaimer/","https://kkofor.github.io/vanstro-frontend/legal-disclaimer/","200","1","text/html; charset=utf-8","max-age=600","73658","Legal Disclaimer | VanStro Global Supply","https://vanstro.ca/","0","0","","4","0","Pass"
"/orders/demo-order/","https://kkofor.github.io/vanstro-frontend/orders/demo-order/","https://kkofor.github.io/vanstro-frontend/orders/demo-order/","200","1","text/html; charset=utf-8","max-age=600","41796","Order status | VanStro Global Supply","https://vanstro.ca/","0","0","","3","0","Pass"
"/privacy/","https://kkofor.github.io/vanstro-frontend/privacy/","https://kkofor.github.io/vanstro-frontend/privacy/","200","1","text/html; charset=utf-8","max-age=600","89888","Privacy Policy | VanStro Global Supply","https://vanstro.ca/","0","0","","4","0","Pass"
"/products/","https://kkofor.github.io/vanstro-frontend/products/","https://kkofor.github.io/vanstro-frontend/products/","200","1","text/html; charset=utf-8","max-age=600","269066","Products | VanStro Global Supply","https://vanstro.ca/","0","0","","3","0","Pass"
"/products/3-drawer-base-3db12-272/","https://kkofor.github.io/vanstro-frontend/products/3-drawer-base-3db12-272/","https://kkofor.github.io/vanstro-frontend/products/3-drawer-base-3db12-272/","200","1","text/html; charset=utf-8","max-age=600","123953","3-Drawer Base 3DB12 | VanStro Global Supply","https://vanstro.ca/products/3-drawer-base-3db12-272/","0","0","","14","0","Pass"
"/products/3-drawer-base-3db15-273/","https://kkofor.github.io/vanstro-frontend/products/3-drawer-base-3db15-273/","https://kkofor.github.io/vanstro-frontend/products/3-drawer-base-3db15-273/","200","1","text/html; charset=utf-8","max-age=600","123943","3-Drawer Base 3DB15 | VanStro Global Supply","https://vanstro.ca/products/3-drawer-base-3db15-273/","0","0","","14","0","Pass"
"/products/3-drawer-base-3db18-274/","https://kkofor.github.io/vanstro-frontend/products/3-drawer-base-3db18-274/","https://kkofor.github.io/vanstro-frontend/products/3-drawer-base-3db18-274/","200","1","text/html; charset=utf-8","max-age=600","123941","3-Drawer Base 3DB18 | VanStro Global Supply","https://vanstro.ca/products/3-drawer-base-3db18-274/","0","0","","14","0","Pass"
"/products/3-drawer-base-3db21-275/","https://kkofor.github.io/vanstro-frontend/products/3-drawer-base-3db21-275/","https://kkofor.github.io/vanstro-frontend/products/3-drawer-base-3db21-275/","200","1","text/html; charset=utf-8","max-age=600","123953","3-Drawer Base 3DB21 | VanStro Global Supply","https://vanstro.ca/products/3-drawer-base-3db21-275/","0","0","","14","0","Pass"
"/products/3-drawer-base-3db24-276/","https://kkofor.github.io/vanstro-frontend/products/3-drawer-base-3db24-276/","https://kkofor.github.io/vanstro-frontend/products/3-drawer-base-3db24-276/","200","1","text/html; charset=utf-8","max-age=600","123953","3-Drawer Base 3DB24 | VanStro Global Supply","https://vanstro.ca/products/3-drawer-base-3db24-276/","0","0","","14","0","Pass"
"/products/3-drawer-base-3db30-277/","https://kkofor.github.io/vanstro-frontend/products/3-drawer-base-3db30-277/","https://kkofor.github.io/vanstro-frontend/products/3-drawer-base-3db30-277/","200","1","text/html; charset=utf-8","max-age=600","123953","3-Drawer Base 3DB30 | VanStro Global Supply","https://vanstro.ca/products/3-drawer-base-3db30-277/","0","0","","14","0","Pass"
"/products/3-drawer-base-3db33-278/","https://kkofor.github.io/vanstro-frontend/products/3-drawer-base-3db33-278/","https://kkofor.github.io/vanstro-frontend/products/3-drawer-base-3db33-278/","200","1","text/html; charset=utf-8","max-age=600","123874","3-Drawer Base 3DB33 | VanStro Global Supply","https://vanstro.ca/products/3-drawer-base-3db33-278/","0","0","","14","0","Pass"
"/products/3-drawer-base-3db36-279/","https://kkofor.github.io/vanstro-frontend/products/3-drawer-base-3db36-279/","https://kkofor.github.io/vanstro-frontend/products/3-drawer-base-3db36-279/","200","1","text/html; charset=utf-8","max-age=600","123872","3-Drawer Base 3DB36 | VanStro Global Supply","https://vanstro.ca/products/3-drawer-base-3db36-279/","0","0","","14","0","Pass"
"/products/Aluminumalloyhandle/","https://kkofor.github.io/vanstro-frontend/products/Aluminumalloyhandle/","https://kkofor.github.io/vanstro-frontend/products/Aluminumalloyhandle/","200","1","text/html; charset=utf-8","max-age=600","115579","Aluminum alloy handle | VanStro Global Supply","https://vanstro.ca/products/Aluminumalloyhandle/","0","0","","11","0","Pass"
"/products/base-cabinet-b12-252/","https://kkofor.github.io/vanstro-frontend/products/base-cabinet-b12-252/","https://kkofor.github.io/vanstro-frontend/products/base-cabinet-b12-252/","200","1","text/html; charset=utf-8","max-age=600","123538","Base Cabinet B12 | VanStro Global Supply","https://vanstro.ca/products/base-cabinet-b12-252/","0","0","","14","0","Pass"
"/products/base-cabinet-b15-253/","https://kkofor.github.io/vanstro-frontend/products/base-cabinet-b15-253/","https://kkofor.github.io/vanstro-frontend/products/base-cabinet-b15-253/","200","1","text/html; charset=utf-8","max-age=600","123529","Base Cabinet B15 | VanStro Global Supply","https://vanstro.ca/products/base-cabinet-b15-253/","0","0","","14","0","Pass"
"/products/base-cabinet-b18-254/","https://kkofor.github.io/vanstro-frontend/products/base-cabinet-b18-254/","https://kkofor.github.io/vanstro-frontend/products/base-cabinet-b18-254/","200","1","text/html; charset=utf-8","max-age=600","123574","Base Cabinet B18 | VanStro Global Supply","https://vanstro.ca/products/base-cabinet-b18-254/","0","0","","14","0","Pass"
"/products/base-cabinet-b21-265/","https://kkofor.github.io/vanstro-frontend/products/base-cabinet-b21-265/","https://kkofor.github.io/vanstro-frontend/products/base-cabinet-b21-265/","200","1","text/html; charset=utf-8","max-age=600","123583","Base Cabinet B21 | VanStro Global Supply","https://vanstro.ca/products/base-cabinet-b21-265/","0","0","","14","0","Pass"
"/products/base-cabinet-b24-266/","https://kkofor.github.io/vanstro-frontend/products/base-cabinet-b24-266/","https://kkofor.github.io/vanstro-frontend/products/base-cabinet-b24-266/","200","1","text/html; charset=utf-8","max-age=600","123565","Base Cabinet B24 | VanStro Global Supply","https://vanstro.ca/products/base-cabinet-b24-266/","0","0","","14","0","Pass"
"/products/base-cabinet-b27-267/","https://kkofor.github.io/vanstro-frontend/products/base-cabinet-b27-267/","https://kkofor.github.io/vanstro-frontend/products/base-cabinet-b27-267/","200","1","text/html; charset=utf-8","max-age=600","123565","Base Cabinet B27 | VanStro Global Supply","https://vanstro.ca/products/base-cabinet-b27-267/","0","0","","14","0","Pass"
"/products/base-cabinet-b30-268/","https://kkofor.github.io/vanstro-frontend/products/base-cabinet-b30-268/","https://kkofor.github.io/vanstro-frontend/products/base-cabinet-b30-268/","200","1","text/html; charset=utf-8","max-age=600","124330","Base Cabinet B30 | VanStro Global Supply","https://vanstro.ca/products/base-cabinet-b30-268/","0","0","","14","0","Pass"
"/products/base-cabinet-b33-269/","https://kkofor.github.io/vanstro-frontend/products/base-cabinet-b33-269/","https://kkofor.github.io/vanstro-frontend/products/base-cabinet-b33-269/","200","1","text/html; charset=utf-8","max-age=600","124315","Base Cabinet B33 | VanStro Global Supply","https://vanstro.ca/products/base-cabinet-b33-269/","0","0","","14","0","Pass"
"/products/base-cabinet-b36-270/","https://kkofor.github.io/vanstro-frontend/products/base-cabinet-b36-270/","https://kkofor.github.io/vanstro-frontend/products/base-cabinet-b36-270/","200","1","text/html; charset=utf-8","max-age=600","124348","Base Cabinet B36 | VanStro Global Supply","https://vanstro.ca/products/base-cabinet-b36-270/","0","0","","14","0","Pass"
"/products/base-cabinet-b42-271/","https://kkofor.github.io/vanstro-frontend/products/base-cabinet-b42-271/","https://kkofor.github.io/vanstro-frontend/products/base-cabinet-b42-271/","200","1","text/html; charset=utf-8","max-age=600","124173","Base Cabinet B42 | VanStro Global Supply","https://vanstro.ca/products/base-cabinet-b42-271/","0","0","","14","0","Pass"
"/products/base-end-panel-bep2535-381/","https://kkofor.github.io/vanstro-frontend/products/base-end-panel-bep2535-381/","https://kkofor.github.io/vanstro-frontend/products/base-end-panel-bep2535-381/","200","1","text/html; charset=utf-8","max-age=600","115091","Base End Panel BEP2535 | VanStro Global Supply","https://vanstro.ca/products/base-end-panel-bep2535-381/","0","0","","11","0","Pass"
"/products/base-end-panel-vep2230-380/","https://kkofor.github.io/vanstro-frontend/products/base-end-panel-vep2230-380/","https://kkofor.github.io/vanstro-frontend/products/base-end-panel-vep2230-380/","200","1","text/html; charset=utf-8","max-age=600","115091","Base End Panel VEP2230 | VanStro Global Supply","https://vanstro.ca/products/base-end-panel-vep2230-380/","0","0","","11","0","Pass"
"/products/baseboard-035-410/","https://kkofor.github.io/vanstro-frontend/products/baseboard-035-410/","https://kkofor.github.io/vanstro-frontend/products/baseboard-035-410/","200","1","text/html; charset=utf-8","max-age=600","89970","Baseboard-035 | VanStro Global Supply","https://vanstro.ca/products/baseboard-035-410/","0","0","","12","0","Pass"
"/products/baseboard-039-409/","https://kkofor.github.io/vanstro-frontend/products/baseboard-039-409/","https://kkofor.github.io/vanstro-frontend/products/baseboard-039-409/","200","1","text/html; charset=utf-8","max-age=600","89951","Baseboard-039 | VanStro Global Supply","https://vanstro.ca/products/baseboard-039-409/","0","0","","12","0","Pass"
"/products/baseboard-041-407/","https://kkofor.github.io/vanstro-frontend/products/baseboard-041-407/","https://kkofor.github.io/vanstro-frontend/products/baseboard-041-407/","200","1","text/html; charset=utf-8","max-age=600","89365","Baseboard-041 | VanStro Global Supply","https://vanstro.ca/products/baseboard-041-407/","0","0","","11","0","Pass"
"/products/casing-049-411/","https://kkofor.github.io/vanstro-frontend/products/casing-049-411/","https://kkofor.github.io/vanstro-frontend/products/casing-049-411/","200","1","text/html; charset=utf-8","max-age=600","89909","Casing-049 | VanStro Global Supply","https://vanstro.ca/products/casing-049-411/","0","0","","12","0","Pass"
"/products/decorative-moulding-bcm8-dcm-372/","https://kkofor.github.io/vanstro-frontend/products/decorative-moulding-bcm8-dcm-372/","https://kkofor.github.io/vanstro-frontend/products/decorative-moulding-bcm8-dcm-372/","200","1","text/html; charset=utf-8","max-age=600","115614","Decorative Moulding BCM8(DCM) | VanStro Global Supply","https://vanstro.ca/products/decorative-moulding-bcm8-dcm-372/","0","0","","11","0","Pass"
"/products/diagonal-corner-wall-dcw2430-343/","https://kkofor.github.io/vanstro-frontend/products/diagonal-corner-wall-dcw2430-343/","https://kkofor.github.io/vanstro-frontend/products/diagonal-corner-wall-dcw2430-343/","200","1","text/html; charset=utf-8","max-age=600","124933","Diagonal Corner Wall DCW2430 | VanStro Global Supply","https://vanstro.ca/products/diagonal-corner-wall-dcw2430-343/","0","0","","14","0","Pass"
"/products/diagonal-corner-wall-dcw2436-344/","https://kkofor.github.io/vanstro-frontend/products/diagonal-corner-wall-dcw2436-344/","https://kkofor.github.io/vanstro-frontend/products/diagonal-corner-wall-dcw2436-344/","200","1","text/html; charset=utf-8","max-age=600","124933","Diagonal Corner Wall DCW2436 | VanStro Global Supply","https://vanstro.ca/products/diagonal-corner-wall-dcw2436-344/","0","0","","14","0","Pass"
"/products/diagonal-corner-wall-dcw2442-345/","https://kkofor.github.io/vanstro-frontend/products/diagonal-corner-wall-dcw2442-345/","https://kkofor.github.io/vanstro-frontend/products/diagonal-corner-wall-dcw2442-345/","200","1","text/html; charset=utf-8","max-age=600","124933","Diagonal Corner Wall DCW2442 | VanStro Global Supply","https://vanstro.ca/products/diagonal-corner-wall-dcw2442-345/","0","0","","14","0","Pass"
"/products/filler-f342-373/","https://kkofor.github.io/vanstro-frontend/products/filler-f342-373/","https://kkofor.github.io/vanstro-frontend/products/filler-f342-373/","200","1","text/html; charset=utf-8","max-age=600","114282","Filler F342 | VanStro Global Supply","https://vanstro.ca/products/filler-f342-373/","0","0","","11","0","Pass"
"/products/filler-f642-374/","https://kkofor.github.io/vanstro-frontend/products/filler-f642-374/","https://kkofor.github.io/vanstro-frontend/products/filler-f642-374/","200","1","text/html; charset=utf-8","max-age=600","114282","Filler F642 | VanStro Global Supply","https://vanstro.ca/products/filler-f642-374/","0","0","","11","0","Pass"
"/products/lazy-susan-base-lsb33-280/","https://kkofor.github.io/vanstro-frontend/products/lazy-susan-base-lsb33-280/","https://kkofor.github.io/vanstro-frontend/products/lazy-susan-base-lsb33-280/","200","1","text/html; charset=utf-8","max-age=600","124259","Lazy Susan Base LSB33 | VanStro Global Supply","https://vanstro.ca/products/lazy-susan-base-lsb33-280/","0","0","","14","0","Pass"
"/products/lazy-susan-base-lsb36-281/","https://kkofor.github.io/vanstro-frontend/products/lazy-susan-base-lsb36-281/","https://kkofor.github.io/vanstro-frontend/products/lazy-susan-base-lsb36-281/","200","1","text/html; charset=utf-8","max-age=600","124259","Lazy Susan Base LSB36 | VanStro Global Supply","https://vanstro.ca/products/lazy-susan-base-lsb36-281/","0","0","","14","0","Pass"
"/products/lazy-susan-base-spb9-282/","https://kkofor.github.io/vanstro-frontend/products/lazy-susan-base-spb9-282/","https://kkofor.github.io/vanstro-frontend/products/lazy-susan-base-spb9-282/","200","1","text/html; charset=utf-8","max-age=600","122178","SPB9 | VanStro Global Supply","https://vanstro.ca/products/lazy-susan-base-spb9-282/","0","0","","14","0","Pass"
"/products/microwave-cabinet-mo3030-346/","https://kkofor.github.io/vanstro-frontend/products/microwave-cabinet-mo3030-346/","https://kkofor.github.io/vanstro-frontend/products/microwave-cabinet-mo3030-346/","200","1","text/html; charset=utf-8","max-age=600","124426","Microwave Cabinet MO3030 | VanStro Global Supply","https://vanstro.ca/products/microwave-cabinet-mo3030-346/","0","0","","14","0","Pass"
"/products/microwave-cabinet-mo3036-347/","https://kkofor.github.io/vanstro-frontend/products/microwave-cabinet-mo3036-347/","https://kkofor.github.io/vanstro-frontend/products/microwave-cabinet-mo3036-347/","200","1","text/html; charset=utf-8","max-age=600","124426","Microwave Cabinet MO3036 | VanStro Global Supply","https://vanstro.ca/products/microwave-cabinet-mo3036-347/","0","0","","14","0","Pass"
"/products/microwave-cabinet-mo3042-348/","https://kkofor.github.io/vanstro-frontend/products/microwave-cabinet-mo3042-348/","https://kkofor.github.io/vanstro-frontend/products/microwave-cabinet-mo3042-348/","200","1","text/html; charset=utf-8","max-age=600","124426","Microwave Cabinet MO3042 | VanStro Global Supply","https://vanstro.ca/products/microwave-cabinet-mo3042-348/","0","0","","14","0","Pass"
"/products/open-end-shelf-oe630-349/","https://kkofor.github.io/vanstro-frontend/products/open-end-shelf-oe630-349/","https://kkofor.github.io/vanstro-frontend/products/open-end-shelf-oe630-349/","200","1","text/html; charset=utf-8","max-age=600","118661","Open End Shelf OE630 | VanStro Global Supply","https://vanstro.ca/products/open-end-shelf-oe630-349/","0","0","","12","0","Pass"
"/products/open-end-shelf-oe636-350/","https://kkofor.github.io/vanstro-frontend/products/open-end-shelf-oe636-350/","https://kkofor.github.io/vanstro-frontend/products/open-end-shelf-oe636-350/","200","1","text/html; charset=utf-8","max-age=600","118661","Open End Shelf OE636 | VanStro Global Supply","https://vanstro.ca/products/open-end-shelf-oe636-350/","0","0","","12","0","Pass"
"/products/open-end-shelf-oe642-351/","https://kkofor.github.io/vanstro-frontend/products/open-end-shelf-oe642-351/","https://kkofor.github.io/vanstro-frontend/products/open-end-shelf-oe642-351/","200","1","text/html; charset=utf-8","max-age=600","118661","Open End Shelf OE642 | VanStro Global Supply","https://vanstro.ca/products/open-end-shelf-oe642-351/","0","0","","12","0","Pass"
"/products/oven-tall-cabinet-o308424-361/","https://kkofor.github.io/vanstro-frontend/products/oven-tall-cabinet-o308424-361/","https://kkofor.github.io/vanstro-frontend/products/oven-tall-cabinet-o308424-361/","200","1","text/html; charset=utf-8","max-age=600","125352","Oven Tall Cabinet O308424 | VanStro Global Supply","https://vanstro.ca/products/oven-tall-cabinet-o308424-361/","0","0","","14","0","Pass"
"/products/oven-tall-cabinet-o309024-362/","https://kkofor.github.io/vanstro-frontend/products/oven-tall-cabinet-o309024-362/","https://kkofor.github.io/vanstro-frontend/products/oven-tall-cabinet-o309024-362/","200","1","text/html; charset=utf-8","max-age=600","125352","Oven Tall Cabinet O309024 | VanStro Global Supply","https://vanstro.ca/products/oven-tall-cabinet-o309024-362/","0","0","","14","0","Pass"
"/products/oven-tall-cabinet-o309624-363/","https://kkofor.github.io/vanstro-frontend/products/oven-tall-cabinet-o309624-363/","https://kkofor.github.io/vanstro-frontend/products/oven-tall-cabinet-o309624-363/","200","1","text/html; charset=utf-8","max-age=600","125362","Oven Tall Cabinet O309624 | VanStro Global Supply","https://vanstro.ca/products/oven-tall-cabinet-o309624-363/","0","0","","14","0","Pass"
"/products/oven-tall-cabinet-o338424-364/","https://kkofor.github.io/vanstro-frontend/products/oven-tall-cabinet-o338424-364/","https://kkofor.github.io/vanstro-frontend/products/oven-tall-cabinet-o338424-364/","200","1","text/html; charset=utf-8","max-age=600","125352","Oven Tall Cabinet O338424 | VanStro Global Supply","https://vanstro.ca/products/oven-tall-cabinet-o338424-364/","0","0","","14","0","Pass"
"/products/oven-tall-cabinet-o339024-365/","https://kkofor.github.io/vanstro-frontend/products/oven-tall-cabinet-o339024-365/","https://kkofor.github.io/vanstro-frontend/products/oven-tall-cabinet-o339024-365/","200","1","text/html; charset=utf-8","max-age=600","125362","Oven Tall Cabinet O339024 | VanStro Global Supply","https://vanstro.ca/products/oven-tall-cabinet-o339024-365/","0","0","","14","0","Pass"
"/products/sink-base-sb30-368/","https://kkofor.github.io/vanstro-frontend/products/sink-base-sb30-368/","https://kkofor.github.io/vanstro-frontend/products/sink-base-sb30-368/","200","1","text/html; charset=utf-8","max-age=600","122677","Sink Base SB30 | VanStro Global Supply","https://vanstro.ca/products/sink-base-sb30-368/","0","0","","14","0","Pass"
"/products/sink-base-sb33-369/","https://kkofor.github.io/vanstro-frontend/products/sink-base-sb33-369/","https://kkofor.github.io/vanstro-frontend/products/sink-base-sb33-369/","200","1","text/html; charset=utf-8","max-age=600","122673","Sink Base SB33 | VanStro Global Supply","https://vanstro.ca/products/sink-base-sb33-369/","0","0","","14","0","Pass"
"/products/sink-base-sb36-370/","https://kkofor.github.io/vanstro-frontend/products/sink-base-sb36-370/","https://kkofor.github.io/vanstro-frontend/products/sink-base-sb36-370/","200","1","text/html; charset=utf-8","max-age=600","123400","Sink Base SB36 | VanStro Global Supply","https://vanstro.ca/products/sink-base-sb36-370/","0","0","","14","0","Pass"
"/products/tall-cabinet-o339624-366/","https://kkofor.github.io/vanstro-frontend/products/tall-cabinet-o339624-366/","https://kkofor.github.io/vanstro-frontend/products/tall-cabinet-o339624-366/","200","1","text/html; charset=utf-8","max-age=600","125339","Oven Tall Cabinet O339624 | VanStro Global Supply","https://vanstro.ca/products/tall-cabinet-o339624-366/","0","0","","14","0","Pass"
"/products/tall-cabinet-u188424-352/","https://kkofor.github.io/vanstro-frontend/products/tall-cabinet-u188424-352/","https://kkofor.github.io/vanstro-frontend/products/tall-cabinet-u188424-352/","200","1","text/html; charset=utf-8","max-age=600","124071","Tall Cabinet U188424 | VanStro Global Supply","https://vanstro.ca/products/tall-cabinet-u188424-352/","0","0","","14","0","Pass"
"/products/tall-cabinet-u189024-353/","https://kkofor.github.io/vanstro-frontend/products/tall-cabinet-u189024-353/","https://kkofor.github.io/vanstro-frontend/products/tall-cabinet-u189024-353/","200","1","text/html; charset=utf-8","max-age=600","124081","Tall Cabinet U189024 | VanStro Global Supply","https://vanstro.ca/products/tall-cabinet-u189024-353/","0","0","","14","0","Pass"
"/products/tall-cabinet-u189624-354/","https://kkofor.github.io/vanstro-frontend/products/tall-cabinet-u189624-354/","https://kkofor.github.io/vanstro-frontend/products/tall-cabinet-u189624-354/","200","1","text/html; charset=utf-8","max-age=600","124071","Tall Cabinet U189624 | VanStro Global Supply","https://vanstro.ca/products/tall-cabinet-u189624-354/","0","0","","14","0","Pass"
"/products/tall-cabinet-u248424-355/","https://kkofor.github.io/vanstro-frontend/products/tall-cabinet-u248424-355/","https://kkofor.github.io/vanstro-frontend/products/tall-cabinet-u248424-355/","200","1","text/html; charset=utf-8","max-age=600","124062","Tall Cabinet U248424 | VanStro Global Supply","https://vanstro.ca/products/tall-cabinet-u248424-355/","0","0","","14","0","Pass"
"/products/tall-cabinet-u249024-356/","https://kkofor.github.io/vanstro-frontend/products/tall-cabinet-u249024-356/","https://kkofor.github.io/vanstro-frontend/products/tall-cabinet-u249024-356/","200","1","text/html; charset=utf-8","max-age=600","124081","Tall Cabinet U249024 | VanStro Global Supply","https://vanstro.ca/products/tall-cabinet-u249024-356/","0","0","","14","0","Pass"
"/products/tall-cabinet-u249624-357/","https://kkofor.github.io/vanstro-frontend/products/tall-cabinet-u249624-357/","https://kkofor.github.io/vanstro-frontend/products/tall-cabinet-u249624-357/","200","1","text/html; charset=utf-8","max-age=600","124079","Tall Cabinet U249624 | VanStro Global Supply","https://vanstro.ca/products/tall-cabinet-u249624-357/","0","0","","14","0","Pass"
"/products/tall-cabinet-u308424-358/","https://kkofor.github.io/vanstro-frontend/products/tall-cabinet-u308424-358/","https://kkofor.github.io/vanstro-frontend/products/tall-cabinet-u308424-358/","200","1","text/html; charset=utf-8","max-age=600","124079","Tall Cabinet U308424 | VanStro Global Supply","https://vanstro.ca/products/tall-cabinet-u308424-358/","0","0","","14","0","Pass"
"/products/tall-cabinet-u309024-359/","https://kkofor.github.io/vanstro-frontend/products/tall-cabinet-u309024-359/","https://kkofor.github.io/vanstro-frontend/products/tall-cabinet-u309024-359/","200","1","text/html; charset=utf-8","max-age=600","124079","Tall Cabinet U309024 | VanStro Global Supply","https://vanstro.ca/products/tall-cabinet-u309024-359/","0","0","","14","0","Pass"
"/products/tall-cabinet-u309624-360/","https://kkofor.github.io/vanstro-frontend/products/tall-cabinet-u309624-360/","https://kkofor.github.io/vanstro-frontend/products/tall-cabinet-u309624-360/","200","1","text/html; charset=utf-8","max-age=600","124090","Tall Cabinet U309624 | VanStro Global Supply","https://vanstro.ca/products/tall-cabinet-u309624-360/","0","0","","14","0","Pass"
"/products/tall-end-panel-tep2596-382/","https://kkofor.github.io/vanstro-frontend/products/tall-end-panel-tep2596-382/","https://kkofor.github.io/vanstro-frontend/products/tall-end-panel-tep2596-382/","200","1","text/html; charset=utf-8","max-age=600","115099","Tall End Panel TEP2596 | VanStro Global Supply","https://vanstro.ca/products/tall-end-panel-tep2596-382/","0","0","","11","0","Pass"
"/products/tall-end-panel-tep3596-383/","https://kkofor.github.io/vanstro-frontend/products/tall-end-panel-tep3596-383/","https://kkofor.github.io/vanstro-frontend/products/tall-end-panel-tep3596-383/","200","1","text/html; charset=utf-8","max-age=600","115099","Tall End Panel TEP3596 | VanStro Global Supply","https://vanstro.ca/products/tall-end-panel-tep3596-383/","0","0","","11","0","Pass"
"/products/tall-filler-f396-375/","https://kkofor.github.io/vanstro-frontend/products/tall-filler-f396-375/","https://kkofor.github.io/vanstro-frontend/products/tall-filler-f396-375/","200","1","text/html; charset=utf-8","max-age=600","114587","Tall Filler F396 | VanStro Global Supply","https://vanstro.ca/products/tall-filler-f396-375/","0","0","","11","0","Pass"
"/products/tall-filler-f696-376/","https://kkofor.github.io/vanstro-frontend/products/tall-filler-f696-376/","https://kkofor.github.io/vanstro-frontend/products/tall-filler-f696-376/","200","1","text/html; charset=utf-8","max-age=600","114587","Tall Filler F696 | VanStro Global Supply","https://vanstro.ca/products/tall-filler-f696-376/","0","0","","11","0","Pass"
"/products/toe-kick-tkc-ms-371/","https://kkofor.github.io/vanstro-frontend/products/toe-kick-tkc-ms-371/","https://kkofor.github.io/vanstro-frontend/products/toe-kick-tkc-ms-371/","200","1","text/html; charset=utf-8","max-age=600","114526","Toe Kick TKC-MS | VanStro Global Supply","https://vanstro.ca/products/toe-kick-tkc-ms-371/","0","0","","11","0","Pass"
"/products/vanity-cabinet-v3021-door-tdl-400/","https://kkofor.github.io/vanstro-frontend/products/vanity-cabinet-v3021-door-tdl-400/","https://kkofor.github.io/vanstro-frontend/products/vanity-cabinet-v3021-door-tdl-400/","200","1","text/html; charset=utf-8","max-age=600","156830","Vanity Cabinet-V3021-Door-TDL | VanStro Global Supply","https://vanstro.ca/products/vanity-cabinet-v3021-door-tdl-400/","0","0","","14","0","Pass"
"/products/vanity-cabinet-v3021-door-tdr-398/","https://kkofor.github.io/vanstro-frontend/products/vanity-cabinet-v3021-door-tdr-398/","https://kkofor.github.io/vanstro-frontend/products/vanity-cabinet-v3021-door-tdr-398/","200","1","text/html; charset=utf-8","max-age=600","156924","Vanity Cabinet-V3021-Door-TDR | VanStro Global Supply","https://vanstro.ca/products/vanity-cabinet-v3021-door-tdr-398/","0","0","","14","0","Pass"
"/products/vanity-cabinet-v3021-doors-tdl-415/","https://kkofor.github.io/vanstro-frontend/products/vanity-cabinet-v3021-doors-tdl-415/","https://kkofor.github.io/vanstro-frontend/products/vanity-cabinet-v3021-doors-tdl-415/","200","1","text/html; charset=utf-8","max-age=600","156110","Vanity Cabinet-V3021-Doors-TDL | VanStro Global Supply","https://vanstro.ca/products/vanity-cabinet-v3021-doors-tdl-415/","0","0","","14","0","Pass"
"/products/vanity-cabinet-v3021-doors-tdr-414/","https://kkofor.github.io/vanstro-frontend/products/vanity-cabinet-v3021-doors-tdr-414/","https://kkofor.github.io/vanstro-frontend/products/vanity-cabinet-v3021-doors-tdr-414/","200","1","text/html; charset=utf-8","max-age=600","156227","Vanity Cabinet-V3021-Doors-TDR | VanStro Global Supply","https://vanstro.ca/products/vanity-cabinet-v3021-doors-tdr-414/","0","0","","14","0","Pass"
"/products/vanity-cabinet-v3621tdl-412/","https://kkofor.github.io/vanstro-frontend/products/vanity-cabinet-v3621tdl-412/","https://kkofor.github.io/vanstro-frontend/products/vanity-cabinet-v3621tdl-412/","200","1","text/html; charset=utf-8","max-age=600","155466","Vanity Cabinet-V3621TDL | VanStro Global Supply","https://vanstro.ca/products/vanity-cabinet-v3621tdl-412/","0","0","","14","0","Pass"
"/products/vanity-cabinet-v3621tdr-413/","https://kkofor.github.io/vanstro-frontend/products/vanity-cabinet-v3621tdr-413/","https://kkofor.github.io/vanstro-frontend/products/vanity-cabinet-v3621tdr-413/","200","1","text/html; charset=utf-8","max-age=600","155485","Vanity Cabinet-V3621TDR | VanStro Global Supply","https://vanstro.ca/products/vanity-cabinet-v3621tdr-413/","0","0","","14","0","Pass"
"/products/vanity-cabinet-v4221-401/","https://kkofor.github.io/vanstro-frontend/products/vanity-cabinet-v4221-401/","https://kkofor.github.io/vanstro-frontend/products/vanity-cabinet-v4221-401/","200","1","text/html; charset=utf-8","max-age=600","155530","Vanity Cabinet-V4221 | VanStro Global Supply","https://vanstro.ca/products/vanity-cabinet-v4221-401/","0","0","","14","0","Pass"
"/products/vanity-cabinet-v4821-402/","https://kkofor.github.io/vanstro-frontend/products/vanity-cabinet-v4821-402/","https://kkofor.github.io/vanstro-frontend/products/vanity-cabinet-v4821-402/","200","1","text/html; charset=utf-8","max-age=600","155341","Vanity Cabinet-V4821 | VanStro Global Supply","https://vanstro.ca/products/vanity-cabinet-v4821-402/","0","0","","14","0","Pass"
"/products/vanity-cabinet-v663522-403/","https://kkofor.github.io/vanstro-frontend/products/vanity-cabinet-v663522-403/","https://kkofor.github.io/vanstro-frontend/products/vanity-cabinet-v663522-403/","200","1","text/html; charset=utf-8","max-age=600","156103","Vanity Cabinet-V663522 | VanStro Global Supply","https://vanstro.ca/products/vanity-cabinet-v663522-403/","0","0","","14","0","Pass"
"/products/vanity-cabinet-vs24-384/","https://kkofor.github.io/vanstro-frontend/products/vanity-cabinet-vs24-384/","https://kkofor.github.io/vanstro-frontend/products/vanity-cabinet-vs24-384/","200","1","text/html; charset=utf-8","max-age=600","156329","Vanity Cabinet-VS24 | VanStro Global Supply","https://vanstro.ca/products/vanity-cabinet-vs24-384/","0","0","","14","0","Pass"
"/products/vanity-cabinet-vs27-404/","https://kkofor.github.io/vanstro-frontend/products/vanity-cabinet-vs27-404/","https://kkofor.github.io/vanstro-frontend/products/vanity-cabinet-vs27-404/","200","1","text/html; charset=utf-8","max-age=600","156329","Vanity Cabinet-VS27 | VanStro Global Supply","https://vanstro.ca/products/vanity-cabinet-vs27-404/","0","0","","14","0","Pass"
"/products/vanity-cabinet-vs30-405/","https://kkofor.github.io/vanstro-frontend/products/vanity-cabinet-vs30-405/","https://kkofor.github.io/vanstro-frontend/products/vanity-cabinet-vs30-405/","200","1","text/html; charset=utf-8","max-age=600","156329","Vanity Cabinet-VS30 | VanStro Global Supply","https://vanstro.ca/products/vanity-cabinet-vs30-405/","0","0","","14","0","Pass"
"/products/vanity-cabinet-vs36-406/","https://kkofor.github.io/vanstro-frontend/products/vanity-cabinet-vs36-406/","https://kkofor.github.io/vanstro-frontend/products/vanity-cabinet-vs36-406/","200","1","text/html; charset=utf-8","max-age=600","154821","Vanity Cabinet-VS36 | VanStro Global Supply","https://vanstro.ca/products/vanity-cabinet-vs36-406/","0","0","","14","0","Pass"
"/products/wall-cabinet-gd-w1530gd-331/","https://kkofor.github.io/vanstro-frontend/products/wall-cabinet-gd-w1530gd-331/","https://kkofor.github.io/vanstro-frontend/products/wall-cabinet-gd-w1530gd-331/","200","1","text/html; charset=utf-8","max-age=600","124436","Wall Cabinet (GD)W1530GD | VanStro Global Supply","https://vanstro.ca/products/wall-cabinet-gd-w1530gd-331/","0","0","","14","0","Pass"
"/products/wall-cabinet-gd-w1536gd-332/","https://kkofor.github.io/vanstro-frontend/products/wall-cabinet-gd-w1536gd-332/","https://kkofor.github.io/vanstro-frontend/products/wall-cabinet-gd-w1536gd-332/","200","1","text/html; charset=utf-8","max-age=600","124436","Wall Cabinet (GD)W1536GD | VanStro Global Supply","https://vanstro.ca/products/wall-cabinet-gd-w1536gd-332/","0","0","","14","0","Pass"
"/products/wall-cabinet-gd-w1542gd-333/","https://kkofor.github.io/vanstro-frontend/products/wall-cabinet-gd-w1542gd-333/","https://kkofor.github.io/vanstro-frontend/products/wall-cabinet-gd-w1542gd-333/","200","1","text/html; charset=utf-8","max-age=600","124436","Wall Cabinet (GD)W1542GD | VanStro Global Supply","https://vanstro.ca/products/wall-cabinet-gd-w1542gd-333/","0","0","","14","0","Pass"
"/products/wall-cabinet-gd-w1830gd-334/","https://kkofor.github.io/vanstro-frontend/products/wall-cabinet-gd-w1830gd-334/","https://kkofor.github.io/vanstro-frontend/products/wall-cabinet-gd-w1830gd-334/","200","1","text/html; charset=utf-8","max-age=600","124436","Wall Cabinet (GD)W1830GD | VanStro Global Supply","https://vanstro.ca/products/wall-cabinet-gd-w1830gd-334/","0","0","","14","0","Pass"
"/products/wall-cabinet-gd-w1836gd-335/","https://kkofor.github.io/vanstro-frontend/products/wall-cabinet-gd-w1836gd-335/","https://kkofor.github.io/vanstro-frontend/products/wall-cabinet-gd-w1836gd-335/","200","1","text/html; charset=utf-8","max-age=600","124436","Wall Cabinet (GD)W1836GD | VanStro Global Supply","https://vanstro.ca/products/wall-cabinet-gd-w1836gd-335/","0","0","","14","0","Pass"
"/products/wall-cabinet-gd-w1842gd-336/","https://kkofor.github.io/vanstro-frontend/products/wall-cabinet-gd-w1842gd-336/","https://kkofor.github.io/vanstro-frontend/products/wall-cabinet-gd-w1842gd-336/","200","1","text/html; charset=utf-8","max-age=600","124436","Wall Cabinet (GD)W1842GD | VanStro Global Supply","https://vanstro.ca/products/wall-cabinet-gd-w1842gd-336/","0","0","","14","0","Pass"
"/products/wall-cabinet-gd-w2430gd-337/","https://kkofor.github.io/vanstro-frontend/products/wall-cabinet-gd-w2430gd-337/","https://kkofor.github.io/vanstro-frontend/products/wall-cabinet-gd-w2430gd-337/","200","1","text/html; charset=utf-8","max-age=600","124247","Wall Cabinet (GD)W2430GD | VanStro Global Supply","https://vanstro.ca/products/wall-cabinet-gd-w2430gd-337/","0","0","","14","0","Pass"
"/products/wall-cabinet-gd-w2436gd-338/","https://kkofor.github.io/vanstro-frontend/products/wall-cabinet-gd-w2436gd-338/","https://kkofor.github.io/vanstro-frontend/products/wall-cabinet-gd-w2436gd-338/","200","1","text/html; charset=utf-8","max-age=600","124247","Wall Cabinet (GD)W2436GD | VanStro Global Supply","https://vanstro.ca/products/wall-cabinet-gd-w2436gd-338/","0","0","","14","0","Pass"
"/products/wall-cabinet-gd-w2442gd-339/","https://kkofor.github.io/vanstro-frontend/products/wall-cabinet-gd-w2442gd-339/","https://kkofor.github.io/vanstro-frontend/products/wall-cabinet-gd-w2442gd-339/","200","1","text/html; charset=utf-8","max-age=600","124436","Wall Cabinet (GD)W2442GD | VanStro Global Supply","https://vanstro.ca/products/wall-cabinet-gd-w2442gd-339/","0","0","","14","0","Pass"
"/products/wall-cabinet-gd-w3030gd-340/","https://kkofor.github.io/vanstro-frontend/products/wall-cabinet-gd-w3030gd-340/","https://kkofor.github.io/vanstro-frontend/products/wall-cabinet-gd-w3030gd-340/","200","1","text/html; charset=utf-8","max-age=600","124247","Wall Cabinet (GD)W3030GD | VanStro Global Supply","https://vanstro.ca/products/wall-cabinet-gd-w3030gd-340/","0","0","","14","0","Pass"
"/products/wall-cabinet-gd-w3036gd-341/","https://kkofor.github.io/vanstro-frontend/products/wall-cabinet-gd-w3036gd-341/","https://kkofor.github.io/vanstro-frontend/products/wall-cabinet-gd-w3036gd-341/","200","1","text/html; charset=utf-8","max-age=600","124247","Wall Cabinet (GD)W3036GD | VanStro Global Supply","https://vanstro.ca/products/wall-cabinet-gd-w3036gd-341/","0","0","","14","0","Pass"
"/products/wall-cabinet-gd-w3042gd-342/","https://kkofor.github.io/vanstro-frontend/products/wall-cabinet-gd-w3042gd-342/","https://kkofor.github.io/vanstro-frontend/products/wall-cabinet-gd-w3042gd-342/","200","1","text/html; charset=utf-8","max-age=600","124247","Wall Cabinet (GD)W3042GD | VanStro Global Supply","https://vanstro.ca/products/wall-cabinet-gd-w3042gd-342/","0","0","","14","0","Pass"
"/products/wall-cabinet-w0930-283/","https://kkofor.github.io/vanstro-frontend/products/wall-cabinet-w0930-283/","https://kkofor.github.io/vanstro-frontend/products/wall-cabinet-w0930-283/","200","1","text/html; charset=utf-8","max-age=600","123788","Wall Cabinet W0930 | VanStro Global Supply","https://vanstro.ca/products/wall-cabinet-w0930-283/","0","0","","14","0","Pass"
"/products/wall-cabinet-w0936-284/","https://kkofor.github.io/vanstro-frontend/products/wall-cabinet-w0936-284/","https://kkofor.github.io/vanstro-frontend/products/wall-cabinet-w0936-284/","200","1","text/html; charset=utf-8","max-age=600","123788","Wall Cabinet W0936 | VanStro Global Supply","https://vanstro.ca/products/wall-cabinet-w0936-284/","0","0","","14","0","Pass"
"/products/wall-cabinet-w0942-285/","https://kkofor.github.io/vanstro-frontend/products/wall-cabinet-w0942-285/","https://kkofor.github.io/vanstro-frontend/products/wall-cabinet-w0942-285/","200","1","text/html; charset=utf-8","max-age=600","123788","Wall Cabinet W0942 | VanStro Global Supply","https://vanstro.ca/products/wall-cabinet-w0942-285/","0","0","","14","0","Pass"
"/products/wall-cabinet-w1230-286/","https://kkofor.github.io/vanstro-frontend/products/wall-cabinet-w1230-286/","https://kkofor.github.io/vanstro-frontend/products/wall-cabinet-w1230-286/","200","1","text/html; charset=utf-8","max-age=600","123221","Wall Cabinet W1230 | VanStro Global Supply","https://vanstro.ca/products/wall-cabinet-w1230-286/","0","0","","14","0","Pass"
"/products/wall-cabinet-w1236-287/","https://kkofor.github.io/vanstro-frontend/products/wall-cabinet-w1236-287/","https://kkofor.github.io/vanstro-frontend/products/wall-cabinet-w1236-287/","200","1","text/html; charset=utf-8","max-age=600","123626","Wall Cabinet W1236 | VanStro Global Supply","https://vanstro.ca/products/wall-cabinet-w1236-287/","0","0","","14","0","Pass"
"/products/wall-cabinet-w1242-288/","https://kkofor.github.io/vanstro-frontend/products/wall-cabinet-w1242-288/","https://kkofor.github.io/vanstro-frontend/products/wall-cabinet-w1242-288/","200","1","text/html; charset=utf-8","max-age=600","123809","Wall Cabinet W1242 | VanStro Global Supply","https://vanstro.ca/products/wall-cabinet-w1242-288/","0","0","","14","0","Pass"
"/products/wall-cabinet-w1530-289/","https://kkofor.github.io/vanstro-frontend/products/wall-cabinet-w1530-289/","https://kkofor.github.io/vanstro-frontend/products/wall-cabinet-w1530-289/","200","1","text/html; charset=utf-8","max-age=600","123221","Wall Cabinet W1530 | VanStro Global Supply","https://vanstro.ca/products/wall-cabinet-w1530-289/","0","0","","14","0","Pass"
"/products/wall-cabinet-w1536-290/","https://kkofor.github.io/vanstro-frontend/products/wall-cabinet-w1536-290/","https://kkofor.github.io/vanstro-frontend/products/wall-cabinet-w1536-290/","200","1","text/html; charset=utf-8","max-age=600","123038","Wall Cabinet W1536 | VanStro Global Supply","https://vanstro.ca/products/wall-cabinet-w1536-290/","0","0","","14","0","Pass"
"/products/wall-cabinet-w1542-291/","https://kkofor.github.io/vanstro-frontend/products/wall-cabinet-w1542-291/","https://kkofor.github.io/vanstro-frontend/products/wall-cabinet-w1542-291/","200","1","text/html; charset=utf-8","max-age=600","123799","Wall Cabinet W1542 | VanStro Global Supply","https://vanstro.ca/products/wall-cabinet-w1542-291/","0","0","","14","0","Pass"
"/products/wall-cabinet-w1830-292/","https://kkofor.github.io/vanstro-frontend/products/wall-cabinet-w1830-292/","https://kkofor.github.io/vanstro-frontend/products/wall-cabinet-w1830-292/","200","1","text/html; charset=utf-8","max-age=600","123616","Wall Cabinet W1830 | VanStro Global Supply","https://vanstro.ca/products/wall-cabinet-w1830-292/","0","0","","14","0","Pass"
"/products/wall-cabinet-w1836-293/","https://kkofor.github.io/vanstro-frontend/products/wall-cabinet-w1836-293/","https://kkofor.github.io/vanstro-frontend/products/wall-cabinet-w1836-293/","200","1","text/html; charset=utf-8","max-age=600","123221","Wall Cabinet W1836 | VanStro Global Supply","https://vanstro.ca/products/wall-cabinet-w1836-293/","0","0","","14","0","Pass"
"/products/wall-cabinet-w1842-294/","https://kkofor.github.io/vanstro-frontend/products/wall-cabinet-w1842-294/","https://kkofor.github.io/vanstro-frontend/products/wall-cabinet-w1842-294/","200","1","text/html; charset=utf-8","max-age=600","123809","Wall Cabinet W1842 | VanStro Global Supply","https://vanstro.ca/products/wall-cabinet-w1842-294/","0","0","","14","0","Pass"
"/products/wall-cabinet-w2130-295/","https://kkofor.github.io/vanstro-frontend/products/wall-cabinet-w2130-295/","https://kkofor.github.io/vanstro-frontend/products/wall-cabinet-w2130-295/","200","1","text/html; charset=utf-8","max-age=600","123809","Wall Cabinet W2130 | VanStro Global Supply","https://vanstro.ca/products/wall-cabinet-w2130-295/","0","0","","14","0","Pass"
"/products/wall-cabinet-w2136-296/","https://kkofor.github.io/vanstro-frontend/products/wall-cabinet-w2136-296/","https://kkofor.github.io/vanstro-frontend/products/wall-cabinet-w2136-296/","200","1","text/html; charset=utf-8","max-age=600","123809","Wall Cabinet W2136 | VanStro Global Supply","https://vanstro.ca/products/wall-cabinet-w2136-296/","0","0","","14","0","Pass"
"/products/wall-cabinet-w2142-297/","https://kkofor.github.io/vanstro-frontend/products/wall-cabinet-w2142-297/","https://kkofor.github.io/vanstro-frontend/products/wall-cabinet-w2142-297/","200","1","text/html; charset=utf-8","max-age=600","123811","Wall Cabinet W2142 | VanStro Global Supply","https://vanstro.ca/products/wall-cabinet-w2142-297/","0","0","","14","0","Pass"
"/products/wall-cabinet-w2430-298/","https://kkofor.github.io/vanstro-frontend/products/wall-cabinet-w2430-298/","https://kkofor.github.io/vanstro-frontend/products/wall-cabinet-w2430-298/","200","1","text/html; charset=utf-8","max-age=600","123628","Wall Cabinet W2430 | VanStro Global Supply","https://vanstro.ca/products/wall-cabinet-w2430-298/","0","0","","14","0","Pass"
"/products/wall-cabinet-w2436-299/","https://kkofor.github.io/vanstro-frontend/products/wall-cabinet-w2436-299/","https://kkofor.github.io/vanstro-frontend/products/wall-cabinet-w2436-299/","200","1","text/html; charset=utf-8","max-age=600","123628","Wall Cabinet W2436 | VanStro Global Supply","https://vanstro.ca/products/wall-cabinet-w2436-299/","0","0","","14","0","Pass"
"/products/wall-cabinet-w2442-300/","https://kkofor.github.io/vanstro-frontend/products/wall-cabinet-w2442-300/","https://kkofor.github.io/vanstro-frontend/products/wall-cabinet-w2442-300/","200","1","text/html; charset=utf-8","max-age=600","123628","Wall Cabinet W2442 | VanStro Global Supply","https://vanstro.ca/products/wall-cabinet-w2442-300/","0","0","","14","0","Pass"
"/products/wall-cabinet-w2730-301/","https://kkofor.github.io/vanstro-frontend/products/wall-cabinet-w2730-301/","https://kkofor.github.io/vanstro-frontend/products/wall-cabinet-w2730-301/","200","1","text/html; charset=utf-8","max-age=600","123628","Wall Cabinet W2730 | VanStro Global Supply","https://vanstro.ca/products/wall-cabinet-w2730-301/","0","0","","14","0","Pass"
"/products/wall-cabinet-w2736-302/","https://kkofor.github.io/vanstro-frontend/products/wall-cabinet-w2736-302/","https://kkofor.github.io/vanstro-frontend/products/wall-cabinet-w2736-302/","200","1","text/html; charset=utf-8","max-age=600","123618","Wall Cabinet W2736 | VanStro Global Supply","https://vanstro.ca/products/wall-cabinet-w2736-302/","0","0","","14","0","Pass"
"/products/wall-cabinet-w2742-303/","https://kkofor.github.io/vanstro-frontend/products/wall-cabinet-w2742-303/","https://kkofor.github.io/vanstro-frontend/products/wall-cabinet-w2742-303/","200","1","text/html; charset=utf-8","max-age=600","123811","Wall Cabinet W2742 | VanStro Global Supply","https://vanstro.ca/products/wall-cabinet-w2742-303/","0","0","","14","0","Pass"
"/products/wall-cabinet-w3012-304/","https://kkofor.github.io/vanstro-frontend/products/wall-cabinet-w3012-304/","https://kkofor.github.io/vanstro-frontend/products/wall-cabinet-w3012-304/","200","1","text/html; charset=utf-8","max-age=600","123040","Wall Cabinet W3012 | VanStro Global Supply","https://vanstro.ca/products/wall-cabinet-w3012-304/","0","0","","14","0","Pass"
"/products/wall-cabinet-w301224-305/","https://kkofor.github.io/vanstro-frontend/products/wall-cabinet-w301224-305/","https://kkofor.github.io/vanstro-frontend/products/wall-cabinet-w301224-305/","200","1","text/html; charset=utf-8","max-age=600","123896","Wall Cabinet W301224 | VanStro Global Supply","https://vanstro.ca/products/wall-cabinet-w301224-305/","0","0","","14","0","Pass"
"/products/wall-cabinet-w301524-306/","https://kkofor.github.io/vanstro-frontend/products/wall-cabinet-w301524-306/","https://kkofor.github.io/vanstro-frontend/products/wall-cabinet-w301524-306/","200","1","text/html; charset=utf-8","max-age=600","124081","Wall Cabinet W301524 | VanStro Global Supply","https://vanstro.ca/products/wall-cabinet-w301524-306/","0","0","","14","0","Pass"
"/products/wall-cabinet-w3018-307/","https://kkofor.github.io/vanstro-frontend/products/wall-cabinet-w3018-307/","https://kkofor.github.io/vanstro-frontend/products/wall-cabinet-w3018-307/","200","1","text/html; charset=utf-8","max-age=600","123628","Wall Cabinet W3018 | VanStro Global Supply","https://vanstro.ca/products/wall-cabinet-w3018-307/","0","0","","14","0","Pass"
"/products/wall-cabinet-w301824-308/","https://kkofor.github.io/vanstro-frontend/products/wall-cabinet-w301824-308/","https://kkofor.github.io/vanstro-frontend/products/wall-cabinet-w301824-308/","200","1","text/html; charset=utf-8","max-age=600","124081","Wall Cabinet W301824 | VanStro Global Supply","https://vanstro.ca/products/wall-cabinet-w301824-308/","0","0","","14","0","Pass"
"/products/wall-cabinet-w3024-309/","https://kkofor.github.io/vanstro-frontend/products/wall-cabinet-w3024-309/","https://kkofor.github.io/vanstro-frontend/products/wall-cabinet-w3024-309/","200","1","text/html; charset=utf-8","max-age=600","123811","Wall Cabinet W3024 | VanStro Global Supply","https://vanstro.ca/products/wall-cabinet-w3024-309/","0","0","","14","0","Pass"
"/products/wall-cabinet-w302424-310/","https://kkofor.github.io/vanstro-frontend/products/wall-cabinet-w302424-310/","https://kkofor.github.io/vanstro-frontend/products/wall-cabinet-w302424-310/","200","1","text/html; charset=utf-8","max-age=600","124081","Wall Cabinet W302424 | VanStro Global Supply","https://vanstro.ca/products/wall-cabinet-w302424-310/","0","0","","14","0","Pass"
"/products/wall-cabinet-w3030-311/","https://kkofor.github.io/vanstro-frontend/products/wall-cabinet-w3030-311/","https://kkofor.github.io/vanstro-frontend/products/wall-cabinet-w3030-311/","200","1","text/html; charset=utf-8","max-age=600","123811","Wall Cabinet W3030 | VanStro Global Supply","https://vanstro.ca/products/wall-cabinet-w3030-311/","0","0","","14","0","Pass"
"/products/wall-cabinet-w3036-312/","https://kkofor.github.io/vanstro-frontend/products/wall-cabinet-w3036-312/","https://kkofor.github.io/vanstro-frontend/products/wall-cabinet-w3036-312/","200","1","text/html; charset=utf-8","max-age=600","123628","Wall Cabinet W3036 | VanStro Global Supply","https://vanstro.ca/products/wall-cabinet-w3036-312/","0","0","","14","0","Pass"
"/products/wall-cabinet-w3042-313/","https://kkofor.github.io/vanstro-frontend/products/wall-cabinet-w3042-313/","https://kkofor.github.io/vanstro-frontend/products/wall-cabinet-w3042-313/","200","1","text/html; charset=utf-8","max-age=600","123811","Wall Cabinet W3042 | VanStro Global Supply","https://vanstro.ca/products/wall-cabinet-w3042-313/","0","0","","14","0","Pass"
"/products/wall-cabinet-w331224-314/","https://kkofor.github.io/vanstro-frontend/products/wall-cabinet-w331224-314/","https://kkofor.github.io/vanstro-frontend/products/wall-cabinet-w331224-314/","200","1","text/html; charset=utf-8","max-age=600","124081","Wall Cabinet W331224 | VanStro Global Supply","https://vanstro.ca/products/wall-cabinet-w331224-314/","0","0","","14","0","Pass"
"/products/wall-cabinet-w331524-315/","https://kkofor.github.io/vanstro-frontend/products/wall-cabinet-w331524-315/","https://kkofor.github.io/vanstro-frontend/products/wall-cabinet-w331524-315/","200","1","text/html; charset=utf-8","max-age=600","124081","Wall Cabinet W331524 | VanStro Global Supply","https://vanstro.ca/products/wall-cabinet-w331524-315/","0","0","","14","0","Pass"
"/products/wall-cabinet-w331824-316/","https://kkofor.github.io/vanstro-frontend/products/wall-cabinet-w331824-316/","https://kkofor.github.io/vanstro-frontend/products/wall-cabinet-w331824-316/","200","1","text/html; charset=utf-8","max-age=600","124081","Wall Cabinet W331824 | VanStro Global Supply","https://vanstro.ca/products/wall-cabinet-w331824-316/","0","0","","14","0","Pass"
"/products/wall-cabinet-w3324-317/","https://kkofor.github.io/vanstro-frontend/products/wall-cabinet-w3324-317/","https://kkofor.github.io/vanstro-frontend/products/wall-cabinet-w3324-317/","200","1","text/html; charset=utf-8","max-age=600","123628","Wall Cabinet W3324 | VanStro Global Supply","https://vanstro.ca/products/wall-cabinet-w3324-317/","0","0","","14","0","Pass"
"/products/wall-cabinet-w332424-318/","https://kkofor.github.io/vanstro-frontend/products/wall-cabinet-w332424-318/","https://kkofor.github.io/vanstro-frontend/products/wall-cabinet-w332424-318/","200","1","text/html; charset=utf-8","max-age=600","124081","Wall Cabinet W332424 | VanStro Global Supply","https://vanstro.ca/products/wall-cabinet-w332424-318/","0","0","","14","0","Pass"
"/products/wall-cabinet-w3330-319/","https://kkofor.github.io/vanstro-frontend/products/wall-cabinet-w3330-319/","https://kkofor.github.io/vanstro-frontend/products/wall-cabinet-w3330-319/","200","1","text/html; charset=utf-8","max-age=600","123628","Wall Cabinet W3330 | VanStro Global Supply","https://vanstro.ca/products/wall-cabinet-w3330-319/","0","0","","14","0","Pass"
"/products/wall-cabinet-w3336-320/","https://kkofor.github.io/vanstro-frontend/products/wall-cabinet-w3336-320/","https://kkofor.github.io/vanstro-frontend/products/wall-cabinet-w3336-320/","200","1","text/html; charset=utf-8","max-age=600","123628","Wall Cabinet W3336 | VanStro Global Supply","https://vanstro.ca/products/wall-cabinet-w3336-320/","0","0","","14","0","Pass"
"/products/wall-cabinet-w3342-321/","https://kkofor.github.io/vanstro-frontend/products/wall-cabinet-w3342-321/","https://kkofor.github.io/vanstro-frontend/products/wall-cabinet-w3342-321/","200","1","text/html; charset=utf-8","max-age=600","123628","Wall Cabinet W3342 | VanStro Global Supply","https://vanstro.ca/products/wall-cabinet-w3342-321/","0","0","","14","0","Pass"
"/products/wall-cabinet-w361224-322/","https://kkofor.github.io/vanstro-frontend/products/wall-cabinet-w361224-322/","https://kkofor.github.io/vanstro-frontend/products/wall-cabinet-w361224-322/","200","1","text/html; charset=utf-8","max-age=600","124081","Wall Cabinet W361224 | VanStro Global Supply","https://vanstro.ca/products/wall-cabinet-w361224-322/","0","0","","14","0","Pass"
"/products/wall-cabinet-w361524-323/","https://kkofor.github.io/vanstro-frontend/products/wall-cabinet-w361524-323/","https://kkofor.github.io/vanstro-frontend/products/wall-cabinet-w361524-323/","200","1","text/html; charset=utf-8","max-age=600","124081","Wall Cabinet W361524 | VanStro Global Supply","https://vanstro.ca/products/wall-cabinet-w361524-323/","0","0","","14","0","Pass"
"/products/wall-cabinet-w361824-324/","https://kkofor.github.io/vanstro-frontend/products/wall-cabinet-w361824-324/","https://kkofor.github.io/vanstro-frontend/products/wall-cabinet-w361824-324/","200","1","text/html; charset=utf-8","max-age=600","124081","Wall Cabinet W361824 | VanStro Global Supply","https://vanstro.ca/products/wall-cabinet-w361824-324/","0","0","","14","0","Pass"
"/products/wall-cabinet-w3624-325/","https://kkofor.github.io/vanstro-frontend/products/wall-cabinet-w3624-325/","https://kkofor.github.io/vanstro-frontend/products/wall-cabinet-w3624-325/","200","1","text/html; charset=utf-8","max-age=600","123628","Wall Cabinet W3624 | VanStro Global Supply","https://vanstro.ca/products/wall-cabinet-w3624-325/","0","0","","14","0","Pass"
"/products/wall-cabinet-w362424-326/","https://kkofor.github.io/vanstro-frontend/products/wall-cabinet-w362424-326/","https://kkofor.github.io/vanstro-frontend/products/wall-cabinet-w362424-326/","200","1","text/html; charset=utf-8","max-age=600","124081","Wall Cabinet W362424 | VanStro Global Supply","https://vanstro.ca/products/wall-cabinet-w362424-326/","0","0","","14","0","Pass"
"/products/wall-cabinet-w3630-327/","https://kkofor.github.io/vanstro-frontend/products/wall-cabinet-w3630-327/","https://kkofor.github.io/vanstro-frontend/products/wall-cabinet-w3630-327/","200","1","text/html; charset=utf-8","max-age=600","123628","Wall Cabinet W3630 | VanStro Global Supply","https://vanstro.ca/products/wall-cabinet-w3630-327/","0","0","","14","0","Pass"
"/products/wall-cabinet-w3636-328/","https://kkofor.github.io/vanstro-frontend/products/wall-cabinet-w3636-328/","https://kkofor.github.io/vanstro-frontend/products/wall-cabinet-w3636-328/","200","1","text/html; charset=utf-8","max-age=600","123628","Wall Cabinet W3636 | VanStro Global Supply","https://vanstro.ca/products/wall-cabinet-w3636-328/","0","0","","14","0","Pass"
"/products/wall-cabinet-w3642-329/","https://kkofor.github.io/vanstro-frontend/products/wall-cabinet-w3642-329/","https://kkofor.github.io/vanstro-frontend/products/wall-cabinet-w3642-329/","200","1","text/html; charset=utf-8","max-age=600","123628","Wall Cabinet W3642 | VanStro Global Supply","https://vanstro.ca/products/wall-cabinet-w3642-329/","0","0","","14","0","Pass"
"/products/wall-cabinet-w3930-330/","https://kkofor.github.io/vanstro-frontend/products/wall-cabinet-w3930-330/","https://kkofor.github.io/vanstro-frontend/products/wall-cabinet-w3930-330/","200","1","text/html; charset=utf-8","max-age=600","123628","Wall Cabinet W3930 | VanStro Global Supply","https://vanstro.ca/products/wall-cabinet-w3930-330/","0","0","","14","0","Pass"
"/products/wall-end-panel-wep1230-377/","https://kkofor.github.io/vanstro-frontend/products/wall-end-panel-wep1230-377/","https://kkofor.github.io/vanstro-frontend/products/wall-end-panel-wep1230-377/","200","1","text/html; charset=utf-8","max-age=600","114004","Wall End Panel WEP1230 | VanStro Global Supply","https://vanstro.ca/products/wall-end-panel-wep1230-377/","0","0","","10","0","Pass"
"/products/wall-end-panel-wep1236-378/","https://kkofor.github.io/vanstro-frontend/products/wall-end-panel-wep1236-378/","https://kkofor.github.io/vanstro-frontend/products/wall-end-panel-wep1236-378/","200","1","text/html; charset=utf-8","max-age=600","112520","Wall End Panel WEP1236 | VanStro Global Supply","https://vanstro.ca/products/wall-end-panel-wep1236-378/","0","0","","9","0","Pass"
"/products/wall-end-panel-wep1242-379/","https://kkofor.github.io/vanstro-frontend/products/wall-end-panel-wep1242-379/","https://kkofor.github.io/vanstro-frontend/products/wall-end-panel-wep1242-379/","200","1","text/html; charset=utf-8","max-age=600","114004","Wall End Panel WEP1242 | VanStro Global Supply","https://vanstro.ca/products/wall-end-panel-wep1242-379/","0","0","","10","0","Pass"
"/return-policy/","https://kkofor.github.io/vanstro-frontend/return-policy/","https://kkofor.github.io/vanstro-frontend/return-policy/","200","1","text/html; charset=utf-8","max-age=600","83122","Return Policy | VanStro Global Supply","https://vanstro.ca/","0","0","","4","0","Pass"
"/terms-and-conditions/","https://kkofor.github.io/vanstro-frontend/terms-and-conditions/","https://kkofor.github.io/vanstro-frontend/terms-and-conditions/","200","1","text/html; charset=utf-8","max-age=600","82662","Terms and Conditions | VanStro Global Supply","https://vanstro.ca/","0","0","","4","0","Pass"
"/v1-1/","https://kkofor.github.io/vanstro-frontend/v1-1/","https://kkofor.github.io/vanstro-frontend/v1-1/","200","1","text/html; charset=utf-8","max-age=600","103288","VanStro Homepage 1.1 | VanStro Global Supply","https://vanstro.ca/","0","0","","23","0","Pass"
"/zh/about/","https://kkofor.github.io/vanstro-frontend/zh/about/","https://kkofor.github.io/vanstro-frontend/zh/about/","200","1","text/html; charset=utf-8","max-age=600","54960","关于 VanStro | VanStro Global Supply","https://vanstro.ca/zh/about/","0","0","","4","0","Pass"
"/zh/contact/","https://kkofor.github.io/vanstro-frontend/zh/contact/","https://kkofor.github.io/vanstro-frontend/zh/contact/","200","1","text/html; charset=utf-8","max-age=600","67078","联系我们 | VanStro Global Supply","https://vanstro.ca/zh/contact/","0","0","","4","0","Pass"
"/zh/dealer-program/","https://kkofor.github.io/vanstro-frontend/zh/dealer-program/","https://kkofor.github.io/vanstro-frontend/zh/dealer-program/","200","1","text/html; charset=utf-8","max-age=600","62190","经销商计划 | VanStro Global Supply","https://vanstro.ca/zh/dealer-program/","0","0","","4","0","Pass"
"/zh/dealers/apply/","https://kkofor.github.io/vanstro-frontend/zh/dealers/apply/","https://kkofor.github.io/vanstro-frontend/zh/dealers/apply/","200","1","text/html; charset=utf-8","max-age=600","64495","经销商申请 | VanStro Global Supply","https://vanstro.ca/zh/dealers/apply/","0","0","","4","0","Pass"
